{
  "divisions": [
    { "id": "1", "name": "Chattagram", "bn_name": "চট্টগ্রাম" },
    { "id": "2", "name": "Rajshahi", "bn_name": "রাজশাহী" },
    { "id": "3", "name": "Khulna", "bn_name": "খুলনা" },
    { "id": "4", "name": "Barisal", "bn_name": "বরিশাল" },
    { "id": "5", "name": "Sylhet", "bn_name": "সিলেট" },
    { "id": "6", "name": "Dhaka", "bn_name": "ঢাকা" },
    { "id": "7", "name": "Rangpur", "bn_name": "রংপুর" },
    { "id": "8", "name": "Mymensingh", "bn_name": "ময়মনসিংহ" }
  ],
  "districts": [
    { "id": "1", "division_id": "1", "name": "Comilla", "bn_name": "কুমিল্লা" },
    { "id": "2", "division_id": "1", "name": "Feni", "bn_name": "ফেনী" },
    { "id": "3", "division_id": "1", "name": "Brahmanbaria", "bn_name": "ব্রাহ্মণবাড়িয়া" },
    { "id": "4", "division_id": "1", "name": "Rangamati", "bn_name": "রাঙ্গামাটি" },
    { "id": "5", "division_id": "1", "name": "Noakhali", "bn_name": "নোয়াখালী" },
    { "id": "6", "division_id": "1", "name": "Chandpur", "bn_name": "চাঁদপুর" },
    { "id": "7", "division_id": "1", "name": "Lakshmipur", "bn_name": "লক্ষ্মীপুর" },
    { "id": "8", "division_id": "1", "name": "Chattogram", "bn_name": "চট্টগ্রাম" },
    { "id": "9", "division_id": "1", "name": "Coxsbazar", "bn_name": "কক্সবাজার" },
    { "id": "10", "division_id": "1", "name": "Khagrachhari", "bn_name": "খাগড়াছড়ি" },
    { "id": "11", "division_id": "1", "name": "Bandarban", "bn_name": "বান্দরবান" },
    
    { "id": "12", "division_id": "2", "name": "Sirajganj", "bn_name": "সিরাজগঞ্জ" },
    { "id": "13", "division_id": "2", "name": "Pabna", "bn_name": "পাবনা" },
    { "id": "14", "division_id": "2", "name": "Bogura", "bn_name": "বগুড়া" },
    { "id": "15", "division_id": "2", "name": "Rajshahi", "bn_name": "রাজশাহী" },
    { "id": "16", "division_id": "2", "name": "Natore", "bn_name": "নাটোর" },
    { "id": "17", "division_id": "2", "name": "Joypurhat", "bn_name": "জয়পুরহাট" },
    { "id": "18", "division_id": "2", "name": "Chapainawabganj", "bn_name": "চাঁপাইনবাবগঞ্জ" },
    { "id": "19", "division_id": "2", "name": "Naogaon", "bn_name": "নওগাঁ" },
    
    { "id": "20", "division_id": "3", "name": "Jashore", "bn_name": "যশোর" },
    { "id": "21", "division_id": "3", "name": "Satkhira", "bn_name": "সাতক্ষীরা" },
    { "id": "22", "division_id": "3", "name": "Meherpur", "bn_name": "মেহেরপুর" },
    { "id": "23", "division_id": "3", "name": "Narail", "bn_name": "নড়াইল" },
    { "id": "24", "division_id": "3", "name": "Chuadanga", "bn_name": "চুয়াডাঙ্গা" },
    { "id": "25", "division_id": "3", "name": "Kushtia", "bn_name": "কুষ্টিয়া" },
    { "id": "26", "division_id": "3", "name": "Magura", "bn_name": "মাগুরা" },
    { "id": "27", "division_id": "3", "name": "Khulna", "bn_name": "খুলনা" },
    { "id": "28", "division_id": "3", "name": "Bagerhat", "bn_name": "বাগেরহাট" },
    { "id": "29", "division_id": "3", "name": "Jhenaidah", "bn_name": "झेनাইদह" },
    
    { "id": "30", "division_id": "4", "name": "Jhalakathi", "bn_name": "ঝালকাঠি" },
    { "id": "31", "division_id": "4", "name": "Patuakhali", "bn_name": "পটুয়াখালী" },
    { "id": "32", "division_id": "4", "name": "Pirojpur", "bn_name": "পিরোজপুর" },
    { "id": "33", "division_id": "4", "name": "Barisal", "bn_name": "বরিশাল" },
    { "id": "34", "division_id": "4", "name": "Bhola", "bn_name": "ভোলা" },
    { "id": "35", "division_id": "4", "name": "Barguna", "bn_name": "বরগুনা" },
    
    { "id": "36", "division_id": "5", "name": "Sylhet", "bn_name": "সিলেট" },
    { "id": "37", "division_id": "5", "name": "Moulvibazar", "bn_name": "মৌলভীবাজার" },
    { "id": "38", "division_id": "5", "name": "Habiganj", "bn_name": "হবিগঞ্জ" },
    { "id": "39", "division_id": "5", "name": "Sunamganj", "bn_name": "সুনামগঞ্জ" },
    
    { "id": "40", "division_id": "6", "name": "Narsingdi", "bn_name": "নরসিংদী" },
    { "id": "41", "division_id": "6", "name": "Gazipur", "bn_name": "গাজীপুর" },
    { "id": "42", "division_id": "6", "name": "Shariatpur", "bn_name": "শরীয়তপুর" },
    { "id": "43", "division_id": "6", "name": "Narayanganj", "bn_name": "নারায়ণগঞ্জ" },
    { "id": "44", "division_id": "6", "name": "Tangail", "bn_name": "টাঙ্গাইল" },
    { "id": "45", "division_id": "6", "name": "Kishoreganj", "bn_name": "কিশোরগঞ্জ" },
    { "id": "46", "division_id": "6", "name": "Manikganj", "bn_name": "মানিকগঞ্জ" },
    { "id": "47", "division_id": "6", "name": "Dhaka", "bn_name": "ঢাকা" },
    { "id": "48", "division_id": "6", "name": "Munshiganj", "bn_name": "মুন্সিগঞ্জ" },
    { "id": "49", "division_id": "6", "name": "Rajbari", "bn_name": "রাজবাড়ী" },
    { "id": "50", "division_id": "6", "name": "Madaripur", "bn_name": "মাদারীপুর" },
    { "id": "51", "division_id": "6", "name": "Gopalganj", "bn_name": "গোপালগঞ্জ" },
    { "id": "52", "division_id": "6", "name": "Faridpur", "bn_name": "ফরিদপুর" },
    
    { "id": "53", "division_id": "7", "name": "Panchagarh", "bn_name": "পঞ্চগড়" },
    { "id": "54", "division_id": "7", "name": "Dinajpur", "bn_name": "দিনাজপুর" },
    { "id": "55", "division_id": "7", "name": "Lalmonirhat", "bn_name": "লালমনিরহাট" },
    { "id": "56", "division_id": "7", "name": "Nilphamari", "bn_name": "নীলফামারী" },
    { "id": "57", "division_id": "7", "name": "Gaibandha", "bn_name": "গাইবান্ধা" },
    { "id": "58", "division_id": "7", "name": "Thakurgaon", "bn_name": "ঠাকুরগাঁও" },
    { "id": "59", "division_id": "7", "name": "Rangpur", "bn_name": "রংপুর" },
    { "id": "60", "division_id": "7", "name": "Kurigram", "bn_name": "কুড়িগ্রাম" },
    
    { "id": "61", "division_id": "8", "name": "Sherpur", "bn_name": "শেরপুর" },
    { "id": "62", "division_id": "8", "name": "Mymensingh", "bn_name": "ময়মনসিংহ" },
    { "id": "63", "division_id": "8", "name": "Jamalpur", "bn_name": "জামালপুর" },
    { "id": "64", "division_id": "8", "name": "Netrokona", "bn_name": "নেত্রকোণা" }
  ],
  "upazilas": {
    "1": ["দেবিদ্বার", "বরুড়া", "ব্রাহ্মণপাড়া", "চান্দিনা", "চৌদ্দগ্রাম", "দাউদকান্দি", "হোমনা", "লাকসাম", "মুরাদনগর", "নাঙ্গলকোট", "কুমিল্লা সদর", "মেঘনা", "মনোহরগঞ্জ", "সদর দক্ষিণ", "তিতাস", "বুড়িচং", "লালমাই"],
    "2": ["ছাগলনাইয়া", "ফেনী সদর", "সোনাগাজী", "ফুলগাজী", "পরশুরাম", "দাগনভূঞা"],
    "3": ["রাঙ্গামাটি সদর", "কাপ্তাই", "কাউখালী", "বাঘাইছড়ি", "বরকল", "লংগদু", "রাজস্থলী", "বিলাইছড়ি", "জুরাছড়ি", "নানিয়ারচর"],
    "4": ["রাইপুর", "লক্ষ্মীপুর সদর", "রামগতি", "রামগঞ্জ", "কমলনগর"],
    "5": ["চাঁদপুর সদর", "মতলব উত্তর", "হাইমচর", "কচুয়া", "শাহরাস্তি", "মতলব দক্ষিণ"],
    "6": ["নোয়াখালী সদর", "কোম্পানীগঞ্জ", "বেগমগঞ্জ", "হাতিয়া", "সুবর্ণচর", "কবিরহাট", "সেনবাগ", "চাটখিল", "সোনাইমুড়ি"],
    "7": ["হাজীগঞ্জ", "মতলব উত্তর", "মতলব দক্ষিণ", "কচুয়া", "শাহরাস্তি"],
    "8": ["চট্টগ্রাম সদর", "আনোয়ারা", "বাঁশখালী", "বোয়ালখালী", "চন্দনাইশ", "ফটিকছড়ি", "হাটহাজারী", "লোহাগাড়া", "মীরসরাই", "পটিয়া", "রাঙ্গুনিয়া", "রাউজান", "সন্দ্বীপ", "সাতকানিয়া", "সীতাকুণ্ড", "কর্ণফুলী"],
    "9": ["কক্সবাজার সদর", "চকরিয়া", "কুতুবদিয়া", "উখিয়া", "মহেশখালী", "পেকুয়া", "রামু", "টেকনাফ"],
    "10": ["খাগড়াছড়ি সদর", "দীঘিনালা", "পানছড়ি", "লক্ষীছড়ি", "মহালছড়ি", "মানিকছড়ি", "রামগড়", "মাটিরাঙ্গা", "গুইমারা"],
    "11": ["বান্দরবান সদর", "আলীকদম", "নাইক্ষ্যংছড়ি", "রোয়াংছড়ি", "লামা", "রুমা", "থানচি"],
    "47": ["সাভার", "ধামরাই", "কেরাণীগঞ্জ", "নবাবগঞ্জ", "দোহার", "গুলশান", "মতিঝিল", "ধানমন্ডি", "মিরপুর", "উত্তরা"]
  }
}
